<?xml version="1.0" encoding="UTF-8"?>
<addon id="plugin.video.malabartalkies" version="0.1.0" name="Malabar Talkies (Malayalam,Tamil Movies)" provider-name="gbzygil">
    <requires>
        <import addon="xbmc.python" version="2.1.0"/>
        <import addon="script.module.urlresolver" version="1.0.0"/>
        <import addon="script.module.t0mm0.common" version="1.1.0"/>
        <import addon="script.module.simplejson"/>
        <import addon="script.module.elementtree"/>
        <import addon="script.module.beautifulsoup"/>
        <import addon="script.module.metahandler" version="1.0.0"/>
        <import addon="script.common.plugin.cache" version="0.9.0"/>
                
    </requires>
    <extension point="xbmc.python.pluginsource" library="default.py">
        <provides>video</provides>
    </extension>
    <extension point="xbmc.addon.metadata">
        <summary>watch Malayalam,Tamil movies from olangal.com, rajtamil.com</summary>
        <description>This addon lets you watch malayalam movies and tamil movies from olangal.com and rajtamil.com</description>
        <platform>all</platform>
    </extension>
</addon>

