<?xml version="1.0" encoding="UTF-8"?>
<addon id="plugin.video.malabartalkies" name="MalabarTalkies" version="0.1.5" provider-name="gbzygil">
    <requires>
        <import addon="xbmc.python" version="2.1.0"/>
        <import addon="script.module.urlresolver" version="1.0.0"/>
        <import addon="script.module.t0mm0.common" version="1.1.0"/>
        <import addon="script.module.simplejson"/>
        <import addon="script.module.elementtree"/>
        <import addon="script.module.beautifulsoup"/>
        <import addon="script.module.metahandler" version="1.0.0"/>
        <import addon="script.common.plugin.cache" version="2.5.4"/>
    </requires>
    <extension point="xbmc.python.pluginsource" library="default.py">
        <provides>video</provides>
    </extension>
    <extension point="xbmc.addon.metadata">
        <summary>watch Malayalam,Tamil,Telugu,Hindi movies from olangal.com, rajtamil.com,abcmalayalam.com,thiruttuvcd.com</summary>
        <description>This addon lets you watch malayalam, Tamil, Telegu, Hindi movies from olangal.com, rajtamil.com,abcmalayalam.com,thiruttuvcd.com</description>
        <platform>all</platform>
    </extension>
</addon>

